Check Time,	DUT,	Check CLI,	Lost Entry
Wed Feb 08 02:06:39 PM CST 2012,	3,	show ip bgp neighbor summary,	172.26.6.2\s*4\s*22.*established
Wed Feb 08 02:06:39 PM CST 2012,	3,	show ip bgp neighbor summary,	172.26.7.2\s*4\s*22.*established
Wed Feb 08 02:06:39 PM CST 2012,	3,	show ip bgp neighbor summary,	172.26.8.2\s*4\s*22.*established
Wed Feb 08 02:06:39 PM CST 2012,	3,	show ip bgp neighbor summary,	172.26.9.2\s*4\s*22.*established
Wed Feb 08 02:06:39 PM CST 2012,	3,	show ip bgp neighbor summary,	172.26.10.2\s*4\s*22.*established
Wed Feb 08 02:06:46 PM CST 2012,	4,	show ip bgp neighbor summary,	172.37.6.3\s*4\s*37.*established
Wed Feb 08 02:06:46 PM CST 2012,	4,	show ip bgp neighbor summary,	172.37.7.3\s*4\s*37.*established
Wed Feb 08 02:06:46 PM CST 2012,	4,	show ip bgp neighbor summary,	172.37.8.3\s*4\s*37.*established
Wed Feb 08 02:06:46 PM CST 2012,	4,	show ip bgp neighbor summary,	172.37.9.3\s*4\s*37.*established
Wed Feb 08 02:06:46 PM CST 2012,	4,	show ip bgp neighbor summary,	172.37.10.3\s*4\s*37.*established
Wed Feb 08 02:07:17 PM CST 2012,	5,	show lacp inf,	XGE1\s*active\s*4952.*up
Wed Feb 08 02:07:17 PM CST 2012,	5,	show lacp inf,	XGE2\s*active\s*4952.*up
Wed Feb 08 02:07:17 PM CST 2012,	5,	show lacp inf,	XGE3\s*active\s*4952.*up
Wed Feb 08 02:07:17 PM CST 2012,	5,	show lacp inf,	XGE4\s*active\s*4952.*up
Wed Feb 08 02:07:20 PM CST 2012,	5,	show ip vrrp inf,	 1, 172.34.88.200,   if 102.*backup
Wed Feb 08 02:07:20 PM CST 2012,	5,	show ip vrrp inf,	 2, 172.34.89.200,   if 103.*master
Wed Feb 08 02:07:36 PM CST 2012,	6,	show lacp inf,	XGE1\s*active\s*4952.*up
Wed Feb 08 02:07:36 PM CST 2012,	6,	show lacp inf,	XGE2\s*active\s*4952.*up
Wed Feb 08 02:07:36 PM CST 2012,	6,	show lacp inf,	XGE3\s*active\s*4952.*up
Wed Feb 08 02:07:36 PM CST 2012,	6,	show lacp inf,	XGE4\s*active\s*4952.*up
Wed Feb 08 02:07:56 PM CST 2012,	7,	show lacp inf,	17\s*active\s*120.*up
Wed Feb 08 02:07:56 PM CST 2012,	7,	show lacp inf,	18\s*active\s*120.*up
Wed Feb 08 02:07:56 PM CST 2012,	7,	show lacp inf,	19\s*active\s*120.*up
Wed Feb 08 02:07:56 PM CST 2012,	7,	show lacp inf,	20\s*active\s*120.*up
Wed Feb 08 02:07:56 PM CST 2012,	7,	show lacp inf,	21\s*active\s*2130.*up
Wed Feb 08 02:07:56 PM CST 2012,	7,	show lacp inf,	22\s*active\s*2130.*up
Wed Feb 08 02:07:56 PM CST 2012,	7,	show lacp inf,	23\s*active\s*2130.*up
Wed Feb 08 02:07:56 PM CST 2012,	7,	show lacp inf,	24\s*active\s*2130.*up
Wed Feb 08 02:07:56 PM CST 2012,	7,	show lacp inf,	25\s*active\s*2130.*up
Wed Feb 08 02:07:56 PM CST 2012,	7,	show lacp inf,	31\s*active\s*3150.*up
Wed Feb 08 02:07:56 PM CST 2012,	7,	show lacp inf,	32\s*active\s*3150.*up
Wed Feb 08 02:07:56 PM CST 2012,	7,	show lacp inf,	33\s*active\s*3150.*up
Wed Feb 08 02:07:56 PM CST 2012,	7,	show lacp inf,	34\s*active\s*3150.*up
Wed Feb 08 02:07:56 PM CST 2012,	7,	show lacp inf,	35\s*active\s*3150.*up
Wed Feb 08 02:07:56 PM CST 2012,	7,	show lacp inf,	51\s*active\s*5152.*up
Wed Feb 08 02:07:56 PM CST 2012,	7,	show lacp inf,	52\s*active\s*5152.*up
Wed Feb 08 02:07:56 PM CST 2012,	7,	show lacp inf,	53\s*active\s*5354.*up
Wed Feb 08 02:07:56 PM CST 2012,	7,	show lacp inf,	54\s*active\s*5354.*up
Wed Feb 08 02:08:03 PM CST 2012,	8,	show lacp inf,	17\s*active\s*120.*up
Wed Feb 08 02:08:03 PM CST 2012,	8,	show lacp inf,	18\s*active\s*120.*up
Wed Feb 08 02:08:03 PM CST 2012,	8,	show lacp inf,	19\s*active\s*120.*up
Wed Feb 08 02:08:03 PM CST 2012,	8,	show lacp inf,	20\s*active\s*120.*up
Wed Feb 08 02:08:03 PM CST 2012,	8,	show lacp inf,	51\s*active\s*5152.*up
Wed Feb 08 02:08:03 PM CST 2012,	8,	show lacp inf,	52\s*active\s*5152.*up
Wed Feb 08 02:08:03 PM CST 2012,	8,	show lacp inf,	53\s*active\s*5354.*up
Wed Feb 08 02:08:03 PM CST 2012,	8,	show lacp inf,	54\s*active\s*5354.*up
