20120615_005130,Crashdump=flashdump_dut5_20120615_005130,Bootinfo=Last boot: 23:53:48 Thu Jun 14, 2012 (software PANIC)
20120615_161815,Crashdump=flashdump_dut6_20120615_161815,Bootinfo=Last boot: 15:51:45 Fri Jun 15, 2012 (reset from Telnet/SSH)
20120615_175040,Crashdump=flashdump_dut6_20120615_175040,Bootinfo=Last boot: 15:51:45 Fri Jun 15, 2012 (reset from Telnet/SSH)
20120615_214356,Crashdump=flashdump_dut7_20120615_214356,Bootinfo=Last boot: 15:51:45 Fri Jun 15, 2012 (reset from Telnet/SSH)
20120616_114950,Crashdump=flashdump_dut8_20120616_114950,Bootinfo=Last boot: 15:51:45 Fri Jun 15, 2012 (reset from Telnet/SSH)
20120617_070453,Crashdump=flashdump_dut8_20120617_070453,Bootinfo=Last boot:  0:24:12 Sun Jun 17, 2012 (watchdog timer)
20120617_090054,Crashdump=flashdump_dut1_20120617_090054,Bootinfo=Last boot:  0:24:12 Sun Jun 17, 2012 (watchdog timer)
20120617_090815,Crashdump=flashdump_dut2_20120617_090815,Bootinfo=Last boot:  0:24:12 Sun Jun 17, 2012 (watchdog timer)
20120620_004317,Crashdump=flashdump_dut1_20120620_004317,Bootinfo=Last boot: 23:31:14 Tue Jun 19, 2012 (software PANIC)
20120620_004405,Crashdump=flashdump_dut4_20120620_004405,Bootinfo=Last boot: 23:52:10 Tue Jun 19, 2012 (software PANIC)
20120620_043522,Crashdump=flashdump_dut2_20120620_043522,Bootinfo=Last boot: 23:31:14 Tue Jun 19, 2012 (software PANIC)
20120620_073036,Crashdump=flashdump_dut5_20120620_073036,Bootinfo=Last boot:  6:12:41 Wed Jun 20, 2012 (software PANIC)
20120620_195327,Crashdump=flashdump_dut4_20120620_195327,Bootinfo=Last boot: 19:18:14 Wed Jun 20, 2012 (software PANIC)
20120621_064646,Crashdump=flashdump_dut6_20120621_064646,Bootinfo=Last boot:  1:33:43 Thu Jun 21, 2012 (software PANIC)
20120621_172606,Crashdump=flashdump_dut4_20120621_172606,Bootinfo=Last boot: 11:36:07 Thu Jun 21, 2012 (software PANIC)
20120621_203052,Crashdump=flashdump_dut4_20120621_203052,Bootinfo=Last boot: 19:35:57 Thu Jun 21, 2012 (software PANIC)
20120622_014436,Crashdump=flashdump_dut1_20120622_014436,Bootinfo=Last boot: 23:47:52 Thu Jun 21, 2012 (software PANIC)
20120622_014654,Crashdump=flashdump_dut2_20120622_014654,Bootinfo=Last boot: 23:47:52 Thu Jun 21, 2012 (software PANIC)
20120622_033556,Crashdump=flashdump_dut3_20120622_033556,Bootinfo=Last boot: 23:47:52 Thu Jun 21, 2012 (software PANIC)
20120622_045937,Crashdump=flashdump_dut4_20120622_045937,Bootinfo=Last boot: 23:47:52 Thu Jun 21, 2012 (software PANIC)
20120626_061015,Crashdump=flashdump_dut2_20120626_061015,Bootinfo=Last boot:  2:58:30 Tue Jun 26, 2012 (software PANIC)
20120626_100722,Crashdump=flashdump_dut2_20120626_100722,Bootinfo=Last boot:  2:58:30 Tue Jun 26, 2012 (software PANIC)
20120626_100800,Crashdump=flashdump_dut4_20120626_100800,Bootinfo=Last boot:  7:14:48 Tue Jun 26, 2012 (software PANIC)
20120627_080311,Crashdump=flashdump_dut4_20120627_080311,Bootinfo=Last boot:  6:59:38 Wed Jun 27, 2012 (software PANIC)
20120627_100858,Crashdump=flashdump_dut4_20120627_100858,Bootinfo=Last boot:  6:59:38 Wed Jun 27, 2012 (software PANIC)
20120627_192540,Crashdump=flashdump_dut4_20120627_192540,Bootinfo=Last boot: 18:59:01 Wed Jun 27, 2012 (software PANIC)
20120628_130118,Crashdump=flashdump_dut1_20120628_130118,Bootinfo=Last boot: 11:47:45 Thu Jun 28, 2012 (software ASSERT)
20120628_130134,Crashdump=flashdump_dut2_20120628_130134,Bootinfo=Last boot: 11:53:21 Thu Jun 28, 2012 (software ASSERT)
20120628_214028,Crashdump=flashdump_dut4_20120628_214028,Bootinfo=Last boot: 21:19:46 Thu Jun 28, 2012 (software PANIC)
20120628_222038,Crashdump=flashdump_dut4_20120628_222038,Bootinfo=Last boot: 21:44:56 Thu Jun 28, 2012 (software PANIC)
20120628_230207,Crashdump=flashdump_dut2_20120628_230207,Bootinfo=Last boot: 21:56:10 Thu Jun 28, 2012 (software PANIC)
20120629_000809,Crashdump=flashdump_dut4_20120629_000809,Bootinfo=Last boot: 23:35:21 Thu Jun 28, 2012 (software PANIC)
20120629_040816,Crashdump=flashdump_dut3_20120629_040816,Bootinfo=Last boot: 21:56:10 Thu Jun 28, 2012 (software PANIC)
20120629_041506,Crashdump=flashdump_dut4_20120629_041506,Bootinfo=Last boot:  3:56:28 Fri Jun 29, 2012 (software PANIC)
20120629_074538,Crashdump=flashdump_dut4_20120629_074538,Bootinfo=Last boot:  5:42:16 Fri Jun 29, 2012 (software PANIC)
20120629_092551,Crashdump=flashdump_dut5_20120629_092551,Bootinfo=Last boot:  5:42:16 Fri Jun 29, 2012 (software PANIC)
20120629_100619,Crashdump=flashdump_dut6_20120629_100619,Bootinfo=Last boot:  5:42:16 Fri Jun 29, 2012 (software PANIC)
20120629_214309,Crashdump=flashdump_dut2_20120629_214309,Bootinfo=Last boot: 20:25:17 Fri Jun 29, 2012 (software PANIC)
20120630_215325,Crashdump=flashdump_dut5_20120630_215325,Bootinfo=Last boot: 16:04:46 Sat Jun 30, 2012 (power cycle)
20120701_072638,Crashdump=flashdump_dut3_20120701_072638,Bootinfo=Last boot:  6:59:06 Sun Jul  1, 2012 (software PANIC)
20120701_134119,Crashdump=flashdump_dut4_20120701_134119,Bootinfo=Last boot:  6:59:06 Sun Jul  1, 2012 (software PANIC)
20120701_153619,Crashdump=flashdump_dut5_20120701_153619,Bootinfo=Last boot:  6:59:06 Sun Jul  1, 2012 (software PANIC)
20120701_173120,Crashdump=flashdump_dut6_20120701_173120,Bootinfo=Last boot:  6:59:06 Sun Jul  1, 2012 (software PANIC)
20120701_174054,Crashdump=flashdump_dut7_20120701_174054,Bootinfo=Last boot:  6:59:06 Sun Jul  1, 2012 (software PANIC)
20120702_204732,Crashdump=flashdump_dut7_20120702_204732,Bootinfo=Last boot: 12:13:04 Mon Jul  2, 2012 (power cycle)
20120703_022017,Crashdump=flashdump_dut8_20120703_022017,Bootinfo=Last boot: 12:13:04 Mon Jul  2, 2012 (power cycle)
20120703_042756,Crashdump=flashdump_dut5_20120703_042756,Bootinfo=Last boot:  3:12:58 Tue Jul  3, 2012 (software PANIC)
